[
{"URL": "https://city.imd.gov.in/citywx/city_weather.php?id=42031", "Place": "Kupwara", "MaxTemp": "26.2", "MinTemp": "6.4", "Rainfall(mm)": "NIL", "Relative_Humidity(17:30)": "NA", "Sunset": "18:58", "Sunrise": "06:12", "Moonset": "03:25", "Moonrise": "13:46", "Weather_Today": "Mainly clear sky becoming partly cloudy towards evening or night", "Day1": "08-Apr", "Weather_on_08-Apr": "Partly cloudy sky with one or two spells of rain or thundershowers", "Day2": "09-Apr", "Weather_on_09-Apr": "Generally cloudy sky with one or two spells of rain or thundershowers", "Day3": "10-Apr", "Weather_on_10-Apr": "Generally cloudy sky with one or two spells of rain or thundershowers", "Day4": "11-Apr", "Weather_on_11-Apr": "Partly cloudy sky with possibility of rain or Thunderstorm or Duststorm", "Day5": "12-Apr", "Weather_on_12-Apr": "Partly cloudy sky", "Day6": "13-Apr", "Weather_on_13-Apr": "Mainly Clear sky"},
{"URL": "https://city.imd.gov.in/citywx/city_weather.php?id=42054", "Place": "Katra", "MaxTemp": "33.0", "MinTemp": "18.8", "Rainfall(mm)": "NIL", "Relative_Humidity(17:30)": "NA", "Sunset": "18:55", "Sunrise": "06:11", "Moonset": "03:19", "Moonrise": "13:46", "Weather_Today": "Mainly clear sky becoming partly cloudy towards afternoon or evening", "Day1": "08-Apr", "Weather_on_08-Apr": "Partly cloudy sky becoming generally cloudy towards afternoon or evening or night", "Day2": "09-Apr", "Weather_on_09-Apr": "Partly cloudy sky with one or two spells of rain or thundershowers", "Day3": "10-Apr", "Weather_on_10-Apr": "Partly cloudy sky with one or two spells of rain or thundershowers", "Day4": "11-Apr", "Weather_on_11-Apr": "Partly cloudy sky with one or two spells of rain or thundershowers", "Day5": "12-Apr", "Weather_on_12-Apr": "Partly cloudy sky", "Day6": "13-Apr", "Weather_on_13-Apr": "Mainly Clear sky"},
{"URL": "https://city.imd.gov.in/citywx/city_weather.php?id=42045", "Place": "Banihal", "MaxTemp": "27.4", "MinTemp": "11.5", "Rainfall(mm)": "NIL", "Relative_Humidity(17:30)": "NA", "Sunset": "18:54", "Sunrise": "06:09", "Moonset": "03:20", "Moonrise": "13:44", "Weather_Today": "Mainly clear sky becoming partly cloudy towards evening or night", "Day1": "08-Apr", "Weather_on_08-Apr": "Partly cloudy sky with one or two spells of rain or thundershowers", "Day2": "09-Apr", "Weather_on_09-Apr": "Generally cloudy sky with one or two spells of rain or thundershowers", "Day3": "10-Apr", "Weather_on_10-Apr": "Generally cloudy sky with one or two spells of rain or thundershowers", "Day4": "11-Apr", "Weather_on_11-Apr": "Partly cloudy sky with one or two spells of rain or thundershowers", "Day5": "12-Apr", "Weather_on_12-Apr": "Partly cloudy sky", "Day6": "13-Apr", "Weather_on_13-Apr": "Mainly Clear sky"},
{"URL": "https://city.imd.gov.in/citywx/city_weather.php?id=90059", "Place": "Kumarakom", "MaxTemp": "34.5", "MinTemp": "25.5", "Rainfall(mm)": "NIL", "Relative_Humidity(17:30)": "NA", "Sunset": "18:35", "Sunrise": "06:18", "Moonset": "02:27", "Moonrise": "14:22", "Weather_Today": "Generally cloudy sky with one or two spells of rain or thundershowers", "Day1": "08-Apr", "Weather_on_08-Apr": "Partly cloudy sky with one or two spells of rain or thundershowers", "Day2": "09-Apr", "Weather_on_09-Apr": "Partly cloudy sky with one or two spells of rain or thundershowers", "Day3": "10-Apr", "Weather_on_10-Apr": "Partly cloudy sky with one or two spells of rain or thundershowers", "Day4": "11-Apr", "Weather_on_11-Apr": "Partly cloudy sky with one or two spells of rain or thundershowers", "Day5": "12-Apr", "Weather_on_12-Apr": "Partly cloudy sky with possibility of rain or Thunderstorm", "Day6": "13-Apr", "Weather_on_13-Apr": "Partly cloudy sky with possibility of rain or Thunderstorm"},
{"URL": "https://city.imd.gov.in/citywx/city_weather.php?id=43371", "Place": "Thiruvananthapuram-City", "MaxTemp": "34.8", "MinTemp": "24.4", "Rainfall(mm)": "7", "Relative_Humidity(17:30)": "98", "Sunset": "18:32", "Sunrise": "06:17", "Moonset": "02:23", "Moonrise": "14:21", "Weather_Today": "Generally cloudy sky with one or two spells of rain or thundershowers", "Day1": "08-Apr", "Weather_on_08-Apr": "Partly cloudy sky with one or two spells of rain or thundershowers", "Day2": "09-Apr", "Weather_on_09-Apr": "Partly cloudy sky with one or two spells of rain or thundershowers", "Day3": "10-Apr", "Weather_on_10-Apr": "Partly cloudy sky with one or two spells of rain or thundershowers", "Day4": "11-Apr", "Weather_on_11-Apr": "Partly cloudy sky with one or two spells of rain or thundershowers", "Day5": "12-Apr", "Weather_on_12-Apr": "Partly cloudy sky with possibility of rain or Thunderstorm", "Day6": "13-Apr", "Weather_on_13-Apr": "Partly cloudy sky with possibility of rain or Thunderstorm"},
{"URL": "https://city.imd.gov.in/citywx/city_weather.php?id=43314", "Place": "kozhikode", "MaxTemp": "34.8", "MinTemp": "26.4", "Rainfall(mm)": "NIL", "Relative_Humidity(17:30)": "66", "Sunset": "18:38", "Sunrise": "06:20", "Moonset": "02:33", "Moonrise": "14:22", "Weather_Today": "Generally cloudy sky with one or two spells of rain or thundershowers", "Day1": "08-Apr", "Weather_on_08-Apr": "Partly cloudy sky with one or two spells of rain or thundershowers", "Day2": "09-Apr", "Weather_on_09-Apr": "Partly cloudy sky with one or two spells of rain or thundershowers", "Day3": "10-Apr", "Weather_on_10-Apr": "Partly cloudy sky with one or two spells of rain or thundershowers", "Day4": "11-Apr", "Weather_on_11-Apr": "Partly cloudy sky with one or two spells of rain or thundershowers", "Day5": "12-Apr", "Weather_on_12-Apr": "Partly cloudy sky with possibility of rain or Thunderstorm", "Day6": "13-Apr", "Weather_on_13-Apr": "Partly cloudy sky with possibility of rain or Thunderstorm"},
{"URL": "https://city.imd.gov.in/citywx/city_weather.php?id=90060", "Place": "Munnar", "MaxTemp": "30.1", "MinTemp": "16.7", "Rainfall(mm)": "NIL", "Relative_Humidity(17:30)": "NA", "Sunset": "18:32", "Sunrise": "06:16", "Moonset": "02:25", "Moonrise": "14:18", "Weather_Today": "Generally cloudy sky with one or two spells of rain or thundershowers", "Day1": "08-Apr", "Weather_on_08-Apr": "Partly cloudy sky with one or two spells of rain or thundershowers", "Day2": "09-Apr", "Weather_on_09-Apr": "Partly cloudy sky with one or two spells of rain or thundershowers", "Day3": "10-Apr", "Weather_on_10-Apr": "Partly cloudy sky with one or two spells of rain or thundershowers", "Day4": "11-Apr", "Weather_on_11-Apr": "Partly cloudy sky with one or two spells of rain or thundershowers", "Day5": "12-Apr", "Weather_on_12-Apr": "Partly cloudy sky with possibility of rain or Thunderstorm", "Day6": "13-Apr", "Weather_on_13-Apr": "Partly cloudy sky with possibility of rain or Thunderstorm"},
{"URL": "https://city.imd.gov.in/citywx/city_weather.php?id=43311", "Place": "Amini Divi", "MaxTemp": "35.5", "MinTemp": "29.1", "Rainfall(mm)": "NIL", "Relative_Humidity(17:30)": "70", "Sunset": "18:50", "Sunrise": "06:32", "Moonset": "02:45", "Moonrise": "14:35", "Weather_Today": "Partly cloudy sky with one or two spells of rain or thundershowers", "Day1": "08-Apr", "Weather_on_08-Apr": "Partly cloudy sky with one or two spells of rain or thundershowers", "Day2": "09-Apr", "Weather_on_09-Apr": "Partly cloudy sky with one or two spells of rain or thundershowers", "Day3": "10-Apr", "Weather_on_10-Apr": "Partly cloudy sky with one or two spells of rain or thundershowers", "Day4": "11-Apr", "Weather_on_11-Apr": "Partly cloudy sky with one or two spells of rain or thundershowers", "Day5": "12-Apr", "Weather_on_12-Apr": "Partly cloudy sky with possibility of rain or Thunderstorm", "Day6": "13-Apr", "Weather_on_13-Apr": "Partly cloudy sky with possibility of rain or Thunderstorm"},
{"URL": "https://city.imd.gov.in/citywx/city_weather.php?id=43369", "Place": "Minicoy", "MaxTemp": "33.4", "MinTemp": "28.5", "Rainfall(mm)": "NIL", "Relative_Humidity(17:30)": "74", "Sunset": "18:48", "Sunrise": "06:33", "Moonset": "02:39", "Moonrise": "14:38", "Weather_Today": "Generally cloudy sky with one or two spells of rain or thundershowers", "Day1": "08-Apr", "Weather_on_08-Apr": "Partly cloudy sky with one or two spells of rain or thundershowers", "Day2": "09-Apr", "Weather_on_09-Apr": "Partly cloudy sky with one or two spells of rain or thundershowers", "Day3": "10-Apr", "Weather_on_10-Apr": "Partly cloudy sky with one or two spells of rain or thundershowers", "Day4": "11-Apr", "Weather_on_11-Apr": "Partly cloudy sky with one or two spells of rain or thundershowers", "Day5": "12-Apr", "Weather_on_12-Apr": "Partly cloudy sky with possibility of rain or Thunderstorm", "Day6": "13-Apr", "Weather_on_13-Apr": "Partly cloudy sky with possibility of rain or Thunderstorm"},
{"URL": "https://city.imd.gov.in/citywx/city_weather.php?id=43353", "Place": "Kochi", "MaxTemp": "33.0", "MinTemp": "24.4", "Rainfall(mm)": "6", "Relative_Humidity(17:30)": "70", "Sunset": "18:35", "Sunrise": "06:19", "Moonset": "02:28", "Moonrise": "14:22", "Weather_Today": "Generally cloudy sky with one or two spells of rain or thundershowers", "Day1": "08-Apr", "Weather_on_08-Apr": "Partly cloudy sky with one or two spells of rain or thundershowers", "Day2": "09-Apr", "Weather_on_09-Apr": "Partly cloudy sky with one or two spells of rain or thundershowers", "Day3": "10-Apr", "Weather_on_10-Apr": "Partly cloudy sky with one or two spells of rain or thundershowers", "Day4": "11-Apr", "Weather_on_11-Apr": "Partly cloudy sky with one or two spells of rain or thundershowers", "Day5": "12-Apr", "Weather_on_12-Apr": "Partly cloudy sky with possibility of rain or Thunderstorm", "Day6": "13-Apr", "Weather_on_13-Apr": "Partly cloudy sky with possibility of rain or Thunderstorm"},
{"URL": "https://city.imd.gov.in/citywx/city_weather.php?id=42066", "Place": "Kalpa", "MaxTemp": "23.4", "MinTemp": "7.4", "Rainfall(mm)": "NIL", "Relative_Humidity(17:30)": "20", "Sunset": "18:40", "Sunrise": "05:58", "Moonset": "03:02", "Moonrise": "13:36", "Weather_Today": "Mainly Clear sky", "Day1": "08-Apr", "Weather_on_08-Apr": "Partly cloudy sky", "Day2": "09-Apr", "Weather_on_09-Apr": "Generally cloudy sky with Light rain", "Day3": "10-Apr", "Weather_on_10-Apr": "Generally cloudy sky with Light rain", "Day4": "11-Apr", "Weather_on_11-Apr": "Rain", "Day5": "12-Apr", "Weather_on_12-Apr": "Rain", "Day6": "", "Weather_on_": ""},
{"URL": "https://city.imd.gov.in/citywx/city_weather.php?id=8205", "Place": "Chamba", "MaxTemp": "NA", "MinTemp": "NA", "Rainfall(mm)": "NA", "Relative_Humidity(17:30)": "NA", "Sunset": "18:49", "Sunrise": "06:06", "Moonset": "03:13", "Moonrise": "13:42", "Weather_Today": "Mainly Clear sky", "Day1": "08-Apr", "Weather_on_08-Apr": "Partly cloudy sky", "Day2": "09-Apr", "Weather_on_09-Apr": "Thunderstorm with rain", "Day3": "10-Apr", "Weather_on_10-Apr": "Thunderstorm with rain", "Day4": "11-Apr", "Weather_on_11-Apr": "Rain", "Day5": "12-Apr", "Weather_on_12-Apr": "Partly cloudy sky", "Day6": "", "Weather_on_": ""},
{"URL": "https://city.imd.gov.in/citywx/city_weather.php?id=42081", "Place": "Kullu", "MaxTemp": "32.8", "MinTemp": "10.0", "Rainfall(mm)": "NIL", "Relative_Humidity(17:30)": "32", "Sunset": "18:45", "Sunrise": "06:02", "Moonset": "03:07", "Moonrise": "13:40", "Weather_Today": "Mainly Clear sky", "Day1": "08-Apr", "Weather_on_08-Apr": "Partly cloudy sky", "Day2": "09-Apr", "Weather_on_09-Apr": "Thunderstorm with rain", "Day3": "10-Apr", "Weather_on_10-Apr": "Thunderstorm with rain", "Day4": "11-Apr", "Weather_on_11-Apr": "Rain", "Day5": "12-Apr", "Weather_on_12-Apr": "Rain", "Day6": "", "Weather_on_": ""},
{"URL": "https://city.imd.gov.in/citywx/city_weather.php?id=42063", "Place": "Keylong", "MaxTemp": "NA", "MinTemp": "0.5", "Rainfall(mm)": "NIL", "Relative_Humidity(17:30)": "NA", "Sunset": "18:44", "Sunrise": "06:05", "Moonset": "01:43", "Moonrise": "11:29", "Weather_Today": "Mainly Clear sky", "Day1": "07-Apr", "Weather_on_07-Apr": "Mainly Clear sky", "Day2": "08-Apr", "Weather_on_08-Apr": "Partly cloudy sky", "Day3": "09-Apr", "Weather_on_09-Apr": "Rain or Snow", "Day4": "10-Apr", "Weather_on_10-Apr": "Rain or Snow", "Day5": "11-Apr", "Weather_on_11-Apr": "Rain", "Day6": "12-Apr", "Weather_on_12-Apr": "Rain"},
{"URL": "https://city.imd.gov.in/citywx/city_weather.php?id=42182", "Place": "New Delhi-Safdarjung", "MaxTemp": "38.2", "MinTemp": "20.2", "Rainfall(mm)": "NIL", "Relative_Humidity(17:30)": "27", "Sunset": "18:42", "Sunrise": "06:05", "Moonset": "03:00", "Moonrise": "13:46", "Weather_Today": "Mainly Clear sky", "Day1": "08-Apr", "Weather_on_08-Apr": "Mainly Clear sky", "Day2": "09-Apr", "Weather_on_09-Apr": "Partly cloudy sky", "Day3": "10-Apr", "Weather_on_10-Apr": "Strong surface winds during day time", "Day4": "11-Apr", "Weather_on_11-Apr": "Partly cloudy sky", "Day5": "12-Apr", "Weather_on_12-Apr": "Strong surface winds during day time", "Day6": "13-Apr", "Weather_on_13-Apr": "Partly cloudy sky"},
{"URL": "https://city.imd.gov.in/citywx/city_weather.php?id=43063", "Place": "Pune-Shivajinagar", "MaxTemp": "39.2", "MinTemp": "18.5", "Rainfall(mm)": "NIL", "Relative_Humidity(17:30)": "14", "Sunset": "18:50", "Sunrise": "06:24", "Moonset": "02:54", "Moonrise": "14:18", "Weather_Today": "Mainly Clear sky", "Day1": "08-Apr", "Weather_on_08-Apr": "Mainly clear sky becoming partly cloudy towards afternoon or evening", "Day2": "09-Apr", "Weather_on_09-Apr": "Mainly clear sky becoming partly cloudy towards afternoon or evening", "Day3": "10-Apr", "Weather_on_10-Apr": "Mainly clear sky becoming partly cloudy towards afternoon or evening", "Day4": "11-Apr", "Weather_on_11-Apr": "Partly cloudy sky", "Day5": "12-Apr", "Weather_on_12-Apr": "Partly cloudy sky", "Day6": "", "Weather_on_": ""},
{"URL": "https://city.imd.gov.in/citywx/city_weather.php?id=42647", "Place": "Ahmedabad", "MaxTemp": "43.0", "MinTemp": "25.3", "Rainfall(mm)": "NIL", "Relative_Humidity(17:30)": "12", "Sunset": "18:57", "Sunrise": "06:27", "Moonset": "03:07", "Moonrise": "14:16", "Weather_Today": "Clear sky", "Day1": "08-Apr", "Weather_on_08-Apr": "Clear sky", "Day2": "09-Apr", "Weather_on_09-Apr": "Mainly Clear sky", "Day3": "10-Apr", "Weather_on_10-Apr": "Mainly Clear sky", "Day4": "11-Apr", "Weather_on_11-Apr": "Mainly Clear sky", "Day5": "12-Apr", "Weather_on_12-Apr": "Sunny Day", "Day6": "13-Apr", "Weather_on_13-Apr": "Sunny Day"},
{"URL": "https://city.imd.gov.in/citywx/city_weather.php?id=42807", "Place": "Kolkata-Alipur", "MaxTemp": "36.3", "MinTemp": "27.2", "Rainfall(mm)": "NIL", "Relative_Humidity(17:30)": "60", "Sunset": "17:54", "Sunrise": "05:24", "Moonset": "02:02", "Moonrise": "13:11", "Weather_Today": "Partly cloudy sky with possibility of development of thunder lightning", "Day1": "08-Apr", "Weather_on_08-Apr": "Partly cloudy sky with possibility of development of thunder lightning", "Day2": "09-Apr", "Weather_on_09-Apr": "Partly cloudy sky with possibility of development of thunder lightning", "Day3": "10-Apr", "Weather_on_10-Apr": "Partly cloudy sky with possibility of development of thunder lightning", "Day4": "11-Apr", "Weather_on_11-Apr": "Partly cloudy sky with possibility of development of thunder lightning", "Day5": "12-Apr", "Weather_on_12-Apr": "Partly cloudy sky with possibility of rain or Thunderstorm", "Day6": "13-Apr", "Weather_on_13-Apr": "Partly cloudy sky with possibility of rain or Thunderstorm"},
